date,old_dte,old_band,old_dte_key,old_lut_key,old_strategy,new_dte,new_band,new_dte_key,new_lut_key,new_strategy,strategy_changed
2024-09-23,8,13-15%,T-4,T-4|13-15%|NEUTRAL,NOT FOUND,8.0,13-15%,T-4,T-4|13-15%|NEUTRAL,NOT FOUND,False
2024-09-24,7,13-15%,T-4,T-4|13-15%|NEUTRAL,NOT FOUND,7.0,13-15%,T-4,T-4|13-15%|NEUTRAL,NOT FOUND,False
2024-09-25,6,<13%,T-4,T-4|<13%|NEUTRAL,NOT FOUND,6.0,<13%,T-4,T-4|<13%|NEUTRAL,NOT FOUND,False
2024-09-26,5,<13%,T-4,T-4|<13%|NEUTRAL,NOT FOUND,5.0,<13%,T-4,T-4|<13%|NEUTRAL,NOT FOUND,False
2024-09-27,4,<13%,T-4,T-4|<13%|NEUTRAL,NOT FOUND,4.0,<13%,T-4,T-4|<13%|NEUTRAL,NOT FOUND,False
2024-09-30,3,<13%,T-3,T-3|<13%|NEUTRAL,NOT FOUND,3.0,<13%,T-3,T-3|<13%|NEUTRAL,NOT FOUND,False
2024-10-01,2,<13%,T-2,T-2|<13%|NEUTRAL,NOT FOUND,2.0,<13%,T-2,T-2|<13%|NEUTRAL,NOT FOUND,False
2024-10-04,4,15-18%,T-4,T-4|15-18%|NEUTRAL,NOT FOUND,4.0,15-18%,T-4,T-4|15-18%|NEUTRAL,NOT FOUND,False
2024-10-07,3,18-22%,T-3,T-3|18-22%|NEUTRAL,NOT FOUND,3.0,18-22%,T-3,T-3|18-22%|NEUTRAL,NOT FOUND,False
2024-10-08,2,15-18%,T-2,T-2|15-18%|NEUTRAL,NOT FOUND,2.0,15-18%,T-2,T-2|15-18%|NEUTRAL,NOT FOUND,False
2024-10-09,1,15-18%,T-1,T-1|15-18%|NEUTRAL,NOT FOUND,6.0,15-18%,T-4,T-4|15-18%|NEUTRAL,NOT FOUND,False
2024-10-10,1,<13%,T-1,T-1|<13%|NEUTRAL,NOT FOUND,5.0,13-15%,T-4,T-4|13-15%|NEUTRAL,NOT FOUND,False
2024-10-11,4,13-15%,T-4,T-4|13-15%|NEUTRAL,NOT FOUND,4.0,13-15%,T-4,T-4|13-15%|NEUTRAL,NOT FOUND,False
2024-10-14,3,<13%,T-3,T-3|<13%|NEUTRAL,NOT FOUND,3.0,<13%,T-3,T-3|<13%|NEUTRAL,NOT FOUND,False
2024-10-15,2,<13%,T-2,T-2|<13%|NEUTRAL,NOT FOUND,2.0,<13%,T-2,T-2|<13%|NEUTRAL,NOT FOUND,False
2024-10-16,1,<13%,T-1,T-1|<13%|NEUTRAL,NOT FOUND,6.0,<13%,T-4,T-4|<13%|NEUTRAL,NOT FOUND,False
2024-10-18,4,13-15%,T-4,T-4|13-15%|NEUTRAL,NOT FOUND,4.0,13-15%,T-4,T-4|13-15%|NEUTRAL,NOT FOUND,False
2024-10-21,3,13-15%,T-3,T-3|13-15%|NEUTRAL,NOT FOUND,3.0,13-15%,T-3,T-3|13-15%|NEUTRAL,NOT FOUND,False
2024-10-22,2,15-18%,T-2,T-2|15-18%|NEUTRAL,NOT FOUND,2.0,15-18%,T-2,T-2|15-18%|NEUTRAL,NOT FOUND,False
2024-10-23,1,13-15%,T-1,T-1|13-15%|NEUTRAL,NOT FOUND,6.0,13-15%,T-4,T-4|13-15%|NEUTRAL,NOT FOUND,False
2024-10-25,4,13-15%,T-4,T-4|13-15%|NEUTRAL,NOT FOUND,4.0,13-15%,T-4,T-4|13-15%|NEUTRAL,NOT FOUND,False
2024-10-28,3,<13%,T-3,T-3|<13%|NEUTRAL,NOT FOUND,3.0,<13%,T-3,T-3|<13%|NEUTRAL,NOT FOUND,False
2024-10-29,2,<13%,T-2,T-2|<13%|NEUTRAL,NOT FOUND,2.0,<13%,T-2,T-2|<13%|NEUTRAL,NOT FOUND,False
2024-10-30,1,13-15%,T-1,T-1|13-15%|NEUTRAL,NOT FOUND,6.0,18-22%,T-4,T-4|18-22%|NEUTRAL,NOT FOUND,False
2024-10-31,1,<13%,T-1,T-1|<13%|NEUTRAL,NOT FOUND,5.0,18-22%,T-4,T-4|18-22%|NEUTRAL,NOT FOUND,False
2024-11-04,3,>22%,T-3,T-3|>22%|NEUTRAL,NOT FOUND,3.0,>22%,T-3,T-3|>22%|NEUTRAL,NOT FOUND,False
2024-11-05,2,>22%,T-2,T-2|>22%|NEUTRAL,NOT FOUND,2.0,>22%,T-2,T-2|>22%|NEUTRAL,NOT FOUND,False
2024-11-06,1,15-18%,T-1,T-1|15-18%|NEUTRAL,NOT FOUND,6.0,15-18%,T-4,T-4|15-18%|NEUTRAL,NOT FOUND,False
2024-11-08,4,13-15%,T-4,T-4|13-15%|NEUTRAL,NOT FOUND,4.0,13-15%,T-4,T-4|13-15%|NEUTRAL,NOT FOUND,False
2024-11-11,3,13-15%,T-3,T-3|13-15%|NEUTRAL,NOT FOUND,3.0,13-15%,T-3,T-3|13-15%|NEUTRAL,NOT FOUND,False
2024-11-12,2,15-18%,T-2,T-2|15-18%|NEUTRAL,NOT FOUND,2.0,15-18%,T-2,T-2|15-18%|NEUTRAL,NOT FOUND,False
2024-11-13,1,15-18%,T-1,T-1|15-18%|NEUTRAL,NOT FOUND,6.0,15-18%,T-4,T-4|15-18%|NEUTRAL,NOT FOUND,False
2024-11-14,1,<13%,T-1,T-1|<13%|NEUTRAL,NOT FOUND,5.0,<13%,T-4,T-4|<13%|NEUTRAL,NOT FOUND,False
2024-11-18,3,13-15%,T-3,T-3|13-15%|NEUTRAL,NOT FOUND,3.0,13-15%,T-3,T-3|13-15%|NEUTRAL,NOT FOUND,False
2024-11-19,2,15-18%,T-2,T-2|15-18%|NEUTRAL,NOT FOUND,2.0,15-18%,T-2,T-2|15-18%|NEUTRAL,NOT FOUND,False
2024-11-22,4,18-22%,T-4,T-4|18-22%|NEUTRAL,NOT FOUND,4.0,18-22%,T-4,T-4|18-22%|NEUTRAL,NOT FOUND,False
2024-11-25,3,15-18%,T-3,T-3|15-18%|NEUTRAL,NOT FOUND,3.0,15-18%,T-3,T-3|15-18%|NEUTRAL,NOT FOUND,False
2024-11-26,2,13-15%,T-2,T-2|13-15%|NEUTRAL,NOT FOUND,2.0,13-15%,T-2,T-2|13-15%|NEUTRAL,NOT FOUND,False
2024-11-27,1,13-15%,T-1,T-1|13-15%|NEUTRAL,NOT FOUND,6.0,13-15%,T-4,T-4|13-15%|NEUTRAL,NOT FOUND,False
2024-11-28,1,<13%,T-1,T-1|<13%|NEUTRAL,NOT FOUND,5.0,15-18%,T-4,T-4|15-18%|NEUTRAL,NOT FOUND,False
2024-11-29,4,15-18%,T-4,T-4|15-18%|NEUTRAL,NOT FOUND,4.0,15-18%,T-4,T-4|15-18%|NEUTRAL,NOT FOUND,False
2024-12-02,3,15-18%,T-3,T-3|15-18%|NEUTRAL,NOT FOUND,3.0,15-18%,T-3,T-3|15-18%|NEUTRAL,NOT FOUND,False
2024-12-03,2,18-22%,T-2,T-2|18-22%|NEUTRAL,NOT FOUND,2.0,18-22%,T-2,T-2|18-22%|NEUTRAL,NOT FOUND,False
2024-12-04,1,>22%,T-1,T-1|>22%|NEUTRAL,NOT FOUND,6.0,18-22%,T-4,T-4|18-22%|NEUTRAL,NOT FOUND,False
2024-12-05,1,<13%,T-1,T-1|<13%|NEUTRAL,NOT FOUND,5.0,18-22%,T-4,T-4|18-22%|NEUTRAL,NOT FOUND,False
2024-12-06,4,15-18%,T-4,T-4|15-18%|NEUTRAL,NOT FOUND,4.0,15-18%,T-4,T-4|15-18%|NEUTRAL,NOT FOUND,False
2024-12-09,3,15-18%,T-3,T-3|15-18%|NEUTRAL,NOT FOUND,3.0,15-18%,T-3,T-3|15-18%|NEUTRAL,NOT FOUND,False
2024-12-10,2,15-18%,T-2,T-2|15-18%|NEUTRAL,NOT FOUND,2.0,15-18%,T-2,T-2|15-18%|NEUTRAL,NOT FOUND,False
2024-12-11,1,<13%,T-1,T-1|<13%|NEUTRAL,NOT FOUND,6.0,13-15%,T-4,T-4|13-15%|NEUTRAL,NOT FOUND,False
2024-12-12,1,<13%,T-1,T-1|<13%|NEUTRAL,NOT FOUND,5.0,13-15%,T-4,T-4|13-15%|NEUTRAL,NOT FOUND,False
2024-12-13,4,13-15%,T-4,T-4|13-15%|NEUTRAL,NOT FOUND,4.0,13-15%,T-4,T-4|13-15%|NEUTRAL,NOT FOUND,False
2024-12-16,3,15-18%,T-3,T-3|15-18%|NEUTRAL,NOT FOUND,3.0,15-18%,T-3,T-3|15-18%|NEUTRAL,NOT FOUND,False
2024-12-17,2,15-18%,T-2,T-2|15-18%|NEUTRAL,NOT FOUND,2.0,15-18%,T-2,T-2|15-18%|NEUTRAL,NOT FOUND,False
2024-12-23,8,15-18%,T-4,T-4|15-18%|NEUTRAL,NOT FOUND,8.0,15-18%,T-4,T-4|15-18%|NEUTRAL,NOT FOUND,False
2024-12-24,7,13-15%,T-4,T-4|13-15%|NEUTRAL,NOT FOUND,7.0,13-15%,T-4,T-4|13-15%|NEUTRAL,NOT FOUND,False
2024-12-26,5,15-18%,T-4,T-4|15-18%|NEUTRAL,NOT FOUND,5.0,15-18%,T-4,T-4|15-18%|NEUTRAL,NOT FOUND,False
2024-12-27,4,13-15%,T-4,T-4|13-15%|NEUTRAL,NOT FOUND,4.0,13-15%,T-4,T-4|13-15%|NEUTRAL,NOT FOUND,False
2024-12-30,3,15-18%,T-3,T-3|15-18%|NEUTRAL,NOT FOUND,3.0,15-18%,T-3,T-3|15-18%|NEUTRAL,NOT FOUND,False
2024-12-31,2,18-22%,T-2,T-2|18-22%|NEUTRAL,NOT FOUND,2.0,18-22%,T-2,T-2|18-22%|NEUTRAL,NOT FOUND,False
2025-01-01,1,>22%,T-1,T-1|>22%|NEUTRAL,NOT FOUND,6.0,18-22%,T-4,T-4|18-22%|NEUTRAL,NOT FOUND,False
2025-01-02,1,<13%,T-1,T-1|<13%|NEUTRAL,NOT FOUND,5.0,15-18%,T-4,T-4|15-18%|NEUTRAL,NOT FOUND,False
2025-01-03,4,15-18%,T-4,T-4|15-18%|NEUTRAL,NOT FOUND,4.0,15-18%,T-4,T-4|15-18%|NEUTRAL,NOT FOUND,False
2025-01-06,3,>22%,T-3,T-3|>22%|NEUTRAL,NOT FOUND,3.0,>22%,T-3,T-3|>22%|NEUTRAL,NOT FOUND,False
2025-01-07,2,15-18%,T-2,T-2|15-18%|NEUTRAL,NOT FOUND,2.0,15-18%,T-2,T-2|15-18%|NEUTRAL,NOT FOUND,False
2025-01-08,1,13-15%,T-1,T-1|13-15%|NEUTRAL,NOT FOUND,6.0,15-18%,T-4,T-4|15-18%|NEUTRAL,NOT FOUND,False
2025-01-09,1,<13%,T-1,T-1|<13%|NEUTRAL,NOT FOUND,5.0,15-18%,T-4,T-4|15-18%|NEUTRAL,NOT FOUND,False
2025-01-10,4,15-18%,T-4,T-4|15-18%|NEUTRAL,NOT FOUND,4.0,15-18%,T-4,T-4|15-18%|NEUTRAL,NOT FOUND,False
2025-01-13,3,15-18%,T-3,T-3|15-18%|NEUTRAL,NOT FOUND,3.0,15-18%,T-3,T-3|15-18%|NEUTRAL,NOT FOUND,False
2025-01-14,2,13-15%,T-2,T-2|13-15%|NEUTRAL,NOT FOUND,2.0,13-15%,T-2,T-2|13-15%|NEUTRAL,NOT FOUND,False
2025-01-15,1,<13%,T-1,T-1|<13%|NEUTRAL,NOT FOUND,6.0,15-18%,T-4,T-4|15-18%|NEUTRAL,NOT FOUND,False
2025-01-16,1,<13%,T-1,T-1|<13%|NEUTRAL,NOT FOUND,5.0,15-18%,T-4,T-4|15-18%|NEUTRAL,NOT FOUND,False
2025-01-17,4,15-18%,T-4,T-4|15-18%|NEUTRAL,NOT FOUND,4.0,15-18%,T-4,T-4|15-18%|NEUTRAL,NOT FOUND,False
2025-01-20,3,15-18%,T-3,T-3|15-18%|NEUTRAL,NOT FOUND,3.0,15-18%,T-3,T-3|15-18%|NEUTRAL,NOT FOUND,False
2025-01-21,2,18-22%,T-2,T-2|18-22%|NEUTRAL,NOT FOUND,2.0,18-22%,T-2,T-2|18-22%|NEUTRAL,NOT FOUND,False
2025-01-22,1,<13%,T-1,T-1|<13%|NEUTRAL,NOT FOUND,6.0,15-18%,T-4,T-4|15-18%|NEUTRAL,NOT FOUND,False
2025-01-23,1,<13%,T-1,T-1|<13%|NEUTRAL,NOT FOUND,5.0,15-18%,T-4,T-4|15-18%|NEUTRAL,NOT FOUND,False
2025-01-24,4,15-18%,T-4,T-4|15-18%|NEUTRAL,NOT FOUND,4.0,15-18%,T-4,T-4|15-18%|NEUTRAL,NOT FOUND,False
2025-01-27,3,18-22%,T-3,T-3|18-22%|NEUTRAL,NOT FOUND,3.0,18-22%,T-3,T-3|18-22%|NEUTRAL,NOT FOUND,False
2025-01-28,2,18-22%,T-2,T-2|18-22%|NEUTRAL,NOT FOUND,2.0,18-22%,T-2,T-2|18-22%|NEUTRAL,NOT FOUND,False
2025-01-29,1,>22%,T-1,T-1|>22%|NEUTRAL,NOT FOUND,6.0,>22%,T-4,T-4|>22%|NEUTRAL,NOT FOUND,False
2025-01-30,1,<13%,T-1,T-1|<13%|NEUTRAL,NOT FOUND,5.0,>22%,T-4,T-4|>22%|NEUTRAL,NOT FOUND,False
2025-01-31,4,>22%,T-4,T-4|>22%|NEUTRAL,NOT FOUND,4.0,>22%,T-4,T-4|>22%|NEUTRAL,NOT FOUND,False
2025-02-01,4,13-15%,T-4,T-4|13-15%|NEUTRAL,NOT FOUND,4.0,13-15%,T-4,T-4|13-15%|NEUTRAL,NOT FOUND,False
2025-02-03,3,13-15%,T-3,T-3|13-15%|NEUTRAL,NOT FOUND,3.0,13-15%,T-3,T-3|13-15%|NEUTRAL,NOT FOUND,False
2025-02-04,2,<13%,T-2,T-2|<13%|NEUTRAL,NOT FOUND,2.0,<13%,T-2,T-2|<13%|NEUTRAL,NOT FOUND,False
2025-02-05,1,13-15%,T-1,T-1|13-15%|NEUTRAL,NOT FOUND,6.0,15-18%,T-4,T-4|15-18%|NEUTRAL,NOT FOUND,False
2025-02-06,1,<13%,T-1,T-1|<13%|NEUTRAL,NOT FOUND,5.0,15-18%,T-4,T-4|15-18%|NEUTRAL,NOT FOUND,False
2025-02-07,4,15-18%,T-4,T-4|15-18%|NEUTRAL,NOT FOUND,4.0,15-18%,T-4,T-4|15-18%|NEUTRAL,NOT FOUND,False
2025-02-10,3,15-18%,T-3,T-3|15-18%|NEUTRAL,NOT FOUND,3.0,15-18%,T-3,T-3|15-18%|NEUTRAL,NOT FOUND,False
2025-02-11,2,15-18%,T-2,T-2|15-18%|NEUTRAL,NOT FOUND,2.0,15-18%,T-2,T-2|15-18%|NEUTRAL,NOT FOUND,False
2025-02-12,1,15-18%,T-1,T-1|15-18%|NEUTRAL,NOT FOUND,6.0,15-18%,T-4,T-4|15-18%|NEUTRAL,NOT FOUND,False
2025-02-13,1,<13%,T-1,T-1|<13%|NEUTRAL,NOT FOUND,5.0,15-18%,T-4,T-4|15-18%|NEUTRAL,NOT FOUND,False
2025-02-14,4,15-18%,T-4,T-4|15-18%|NEUTRAL,NOT FOUND,4.0,15-18%,T-4,T-4|15-18%|NEUTRAL,NOT FOUND,False
2025-02-17,3,18-22%,T-3,T-3|18-22%|NEUTRAL,NOT FOUND,3.0,18-22%,T-3,T-3|18-22%|NEUTRAL,NOT FOUND,False
2025-02-18,2,15-18%,T-2,T-2|15-18%|NEUTRAL,NOT FOUND,2.0,15-18%,T-2,T-2|15-18%|NEUTRAL,NOT FOUND,False
2025-02-19,1,15-18%,T-1,T-1|15-18%|NEUTRAL,NOT FOUND,6.0,15-18%,T-4,T-4|15-18%|NEUTRAL,NOT FOUND,False
2025-02-20,1,<13%,T-1,T-1|<13%|NEUTRAL,NOT FOUND,5.0,15-18%,T-4,T-4|15-18%|NEUTRAL,NOT FOUND,False
2025-02-21,4,15-18%,T-4,T-4|15-18%|NEUTRAL,NOT FOUND,4.0,15-18%,T-4,T-4|15-18%|NEUTRAL,NOT FOUND,False
2025-02-24,3,<13%,T-3,T-3|<13%|NEUTRAL,NOT FOUND,3.0,<13%,T-3,T-3|<13%|NEUTRAL,NOT FOUND,False
2025-02-25,2,<13%,T-2,T-2|<13%|NEUTRAL,NOT FOUND,2.0,<13%,T-2,T-2|<13%|NEUTRAL,NOT FOUND,False
2025-02-27,1,<13%,T-1,T-1|<13%|NEUTRAL,NOT FOUND,5.0,13-15%,T-4,T-4|13-15%|NEUTRAL,NOT FOUND,False
2025-02-28,4,15-18%,T-4,T-4|15-18%|NEUTRAL,NOT FOUND,4.0,15-18%,T-4,T-4|15-18%|NEUTRAL,NOT FOUND,False
2025-03-03,3,13-15%,T-3,T-3|13-15%|NEUTRAL,NOT FOUND,3.0,13-15%,T-3,T-3|13-15%|NEUTRAL,NOT FOUND,False
2025-03-04,2,15-18%,T-2,T-2|15-18%|NEUTRAL,NOT FOUND,2.0,15-18%,T-2,T-2|15-18%|NEUTRAL,NOT FOUND,False
2025-03-05,1,15-18%,T-1,T-1|15-18%|NEUTRAL,NOT FOUND,6.0,15-18%,T-4,T-4|15-18%|NEUTRAL,NOT FOUND,False
2025-03-06,1,<13%,T-1,T-1|<13%|NEUTRAL,NOT FOUND,5.0,15-18%,T-4,T-4|15-18%|NEUTRAL,NOT FOUND,False
2025-03-07,4,13-15%,T-4,T-4|13-15%|NEUTRAL,NOT FOUND,4.0,13-15%,T-4,T-4|13-15%|NEUTRAL,NOT FOUND,False
2025-03-10,3,13-15%,T-3,T-3|13-15%|NEUTRAL,NOT FOUND,3.0,13-15%,T-3,T-3|13-15%|NEUTRAL,NOT FOUND,False
2025-03-11,2,15-18%,T-2,T-2|15-18%|NEUTRAL,NOT FOUND,2.0,15-18%,T-2,T-2|15-18%|NEUTRAL,NOT FOUND,False
2025-03-12,1,13-15%,T-1,T-1|13-15%|NEUTRAL,NOT FOUND,6.0,13-15%,T-4,T-4|13-15%|NEUTRAL,NOT FOUND,False
2025-03-13,1,<13%,T-1,T-1|<13%|NEUTRAL,NOT FOUND,5.0,<13%,T-4,T-4|<13%|NEUTRAL,NOT FOUND,False
2025-03-17,3,13-15%,T-3,T-3|13-15%|NEUTRAL,NOT FOUND,3.0,13-15%,T-3,T-3|13-15%|NEUTRAL,NOT FOUND,False
2025-03-18,2,13-15%,T-2,T-2|13-15%|NEUTRAL,NOT FOUND,2.0,13-15%,T-2,T-2|13-15%|NEUTRAL,NOT FOUND,False
2025-03-19,1,15-18%,T-1,T-1|15-18%|NEUTRAL,NOT FOUND,6.0,13-15%,T-4,T-4|13-15%|NEUTRAL,NOT FOUND,False
2025-03-20,1,<13%,T-1,T-1|<13%|NEUTRAL,NOT FOUND,5.0,<13%,T-4,T-4|<13%|NEUTRAL,NOT FOUND,False
2025-03-21,4,<13%,T-4,T-4|<13%|NEUTRAL,NOT FOUND,4.0,<13%,T-4,T-4|<13%|NEUTRAL,NOT FOUND,False
2025-03-24,3,15-18%,T-3,T-3|15-18%|NEUTRAL,NOT FOUND,3.0,15-18%,T-3,T-3|15-18%|NEUTRAL,NOT FOUND,False
2025-03-25,2,15-18%,T-2,T-2|15-18%|NEUTRAL,NOT FOUND,2.0,15-18%,T-2,T-2|15-18%|NEUTRAL,NOT FOUND,False
2025-03-26,1,15-18%,T-1,T-1|15-18%|NEUTRAL,NOT FOUND,6.0,15-18%,T-4,T-4|15-18%|NEUTRAL,NOT FOUND,False
2025-03-27,1,<13%,T-1,T-1|<13%|NEUTRAL,NOT FOUND,5.0,15-18%,T-4,T-4|15-18%|NEUTRAL,NOT FOUND,False
2025-03-28,4,<13%,T-4,T-4|<13%|NEUTRAL,NOT FOUND,4.0,<13%,T-4,T-4|<13%|NEUTRAL,NOT FOUND,False
2025-04-01,2,15-18%,T-2,T-2|15-18%|NEUTRAL,NOT FOUND,2.0,15-18%,T-2,T-2|15-18%|NEUTRAL,NOT FOUND,False
2025-04-02,1,15-18%,T-1,T-1|15-18%|NEUTRAL,NOT FOUND,5.0,15-18%,T-4,T-4|15-18%|NEUTRAL,NOT FOUND,False
2025-04-04,3,13-15%,T-3,T-3|13-15%|NEUTRAL,NOT FOUND,3.0,13-15%,T-3,T-3|13-15%|NEUTRAL,NOT FOUND,False
2025-04-07,2,>22%,T-2,T-2|>22%|NEUTRAL,NOT FOUND,2.0,>22%,T-2,T-2|>22%|NEUTRAL,NOT FOUND,False
2025-04-08,1,>22%,T-1,T-1|>22%|NEUTRAL,NOT FOUND,7.0,>22%,T-4,T-4|>22%|NEUTRAL,NOT FOUND,False
2025-04-11,4,>22%,T-4,T-4|>22%|NEUTRAL,NOT FOUND,4.0,>22%,T-4,T-4|>22%|NEUTRAL,NOT FOUND,False
2025-04-15,2,13-15%,T-2,T-2|13-15%|NEUTRAL,NOT FOUND,2.0,13-15%,T-2,T-2|13-15%|NEUTRAL,NOT FOUND,False
2025-04-16,1,15-18%,T-1,T-1|15-18%|NEUTRAL,NOT FOUND,6.0,15-18%,T-4,T-4|15-18%|NEUTRAL,NOT FOUND,False
2025-04-17,1,<13%,T-1,T-1|<13%|NEUTRAL,NOT FOUND,5.0,15-18%,T-4,T-4|15-18%|NEUTRAL,NOT FOUND,False
2025-04-21,3,13-15%,T-3,T-3|13-15%|NEUTRAL,NOT FOUND,3.0,13-15%,T-3,T-3|13-15%|NEUTRAL,NOT FOUND,False
2025-04-22,2,<13%,T-2,T-2|<13%|NEUTRAL,NOT FOUND,2.0,<13%,T-2,T-2|<13%|NEUTRAL,NOT FOUND,False
2025-04-23,1,<13%,T-1,T-1|<13%|NEUTRAL,NOT FOUND,5.0,15-18%,T-4,T-4|15-18%|NEUTRAL,NOT FOUND,False
2025-04-24,1,<13%,T-1,T-1|<13%|NEUTRAL,NOT FOUND,4.0,18-22%,T-4,T-4|18-22%|NEUTRAL,NOT FOUND,False
2025-04-25,3,18-22%,T-3,T-3|18-22%|NEUTRAL,NOT FOUND,3.0,18-22%,T-3,T-3|18-22%|NEUTRAL,NOT FOUND,False
2025-04-28,2,13-15%,T-2,T-2|13-15%|NEUTRAL,NOT FOUND,2.0,13-15%,T-2,T-2|13-15%|NEUTRAL,NOT FOUND,False
2025-04-29,1,<13%,T-1,T-1|<13%|NEUTRAL,NOT FOUND,7.0,15-18%,T-4,T-4|15-18%|NEUTRAL,NOT FOUND,False
2025-04-30,1,<13%,T-1,T-1|<13%|NEUTRAL,NOT FOUND,6.0,18-22%,T-4,T-4|18-22%|NEUTRAL,NOT FOUND,False
2025-05-02,4,15-18%,T-4,T-4|15-18%|NEUTRAL,NOT FOUND,4.0,15-18%,T-4,T-4|15-18%|NEUTRAL,NOT FOUND,False
2025-05-05,3,<13%,T-3,T-3|<13%|NEUTRAL,NOT FOUND,3.0,<13%,T-3,T-3|<13%|NEUTRAL,NOT FOUND,False
2025-05-06,2,<13%,T-2,T-2|<13%|NEUTRAL,NOT FOUND,2.0,<13%,T-2,T-2|<13%|NEUTRAL,NOT FOUND,False
2025-05-07,1,<13%,T-1,T-1|<13%|NEUTRAL,NOT FOUND,6.0,15-18%,T-4,T-4|15-18%|NEUTRAL,NOT FOUND,False
2025-05-08,1,<13%,T-1,T-1|<13%|NEUTRAL,NOT FOUND,5.0,>22%,T-4,T-4|>22%|NEUTRAL,NOT FOUND,False
2025-05-09,4,18-22%,T-4,T-4|18-22%|NEUTRAL,NOT FOUND,4.0,18-22%,T-4,T-4|18-22%|NEUTRAL,NOT FOUND,False
2025-05-12,3,>22%,T-3,T-3|>22%|NEUTRAL,NOT FOUND,3.0,>22%,T-3,T-3|>22%|NEUTRAL,NOT FOUND,False
2025-05-13,2,18-22%,T-2,T-2|18-22%|NEUTRAL,NOT FOUND,2.0,18-22%,T-2,T-2|18-22%|NEUTRAL,NOT FOUND,False
2025-05-14,1,15-18%,T-1,T-1|15-18%|NEUTRAL,NOT FOUND,6.0,15-18%,T-4,T-4|15-18%|NEUTRAL,NOT FOUND,False
2025-05-15,1,<13%,T-1,T-1|<13%|NEUTRAL,NOT FOUND,5.0,15-18%,T-4,T-4|15-18%|NEUTRAL,NOT FOUND,False
2025-05-16,4,15-18%,T-4,T-4|15-18%|NEUTRAL,NOT FOUND,4.0,15-18%,T-4,T-4|15-18%|NEUTRAL,NOT FOUND,False
2025-05-19,3,15-18%,T-3,T-3|15-18%|NEUTRAL,NOT FOUND,3.0,15-18%,T-3,T-3|15-18%|NEUTRAL,NOT FOUND,False
2025-05-20,2,15-18%,T-2,T-2|15-18%|NEUTRAL,NOT FOUND,2.0,15-18%,T-2,T-2|15-18%|NEUTRAL,NOT FOUND,False
2025-05-21,1,18-22%,T-1,T-1|18-22%|NEUTRAL,NOT FOUND,6.0,18-22%,T-4,T-4|18-22%|NEUTRAL,NOT FOUND,False
2025-05-22,1,<13%,T-1,T-1|<13%|NEUTRAL,NOT FOUND,5.0,15-18%,T-4,T-4|15-18%|NEUTRAL,NOT FOUND,False
2025-05-23,4,18-22%,T-4,T-4|18-22%|NEUTRAL,NOT FOUND,4.0,18-22%,T-4,T-4|18-22%|NEUTRAL,NOT FOUND,False
2025-05-26,3,>22%,T-3,T-3|>22%|NEUTRAL,NOT FOUND,3.0,>22%,T-3,T-3|>22%|NEUTRAL,NOT FOUND,False
2025-05-27,2,>22%,T-2,T-2|>22%|NEUTRAL,NOT FOUND,2.0,>22%,T-2,T-2|>22%|NEUTRAL,NOT FOUND,False
2025-05-28,1,18-22%,T-1,T-1|18-22%|NEUTRAL,NOT FOUND,6.0,18-22%,T-4,T-4|18-22%|NEUTRAL,NOT FOUND,False
2025-05-29,1,<13%,T-1,T-1|<13%|NEUTRAL,NOT FOUND,5.0,15-18%,T-4,T-4|15-18%|NEUTRAL,NOT FOUND,False
2025-05-30,4,18-22%,T-4,T-4|18-22%|NEUTRAL,NOT FOUND,4.0,18-22%,T-4,T-4|18-22%|NEUTRAL,NOT FOUND,False
2025-06-02,3,>22%,T-3,T-3|>22%|NEUTRAL,NOT FOUND,3.0,>22%,T-3,T-3|>22%|NEUTRAL,NOT FOUND,False
2025-06-03,2,18-22%,T-2,T-2|18-22%|NEUTRAL,NOT FOUND,2.0,18-22%,T-2,T-2|18-22%|NEUTRAL,NOT FOUND,False
2025-06-04,1,13-15%,T-1,T-1|13-15%|NEUTRAL,NOT FOUND,6.0,15-18%,T-4,T-4|15-18%|NEUTRAL,NOT FOUND,False
2025-06-06,4,15-18%,T-4,T-4|15-18%|NEUTRAL,NOT FOUND,4.0,15-18%,T-4,T-4|15-18%|NEUTRAL,NOT FOUND,False
2025-06-09,3,13-15%,T-3,T-3|13-15%|NEUTRAL,NOT FOUND,3.0,13-15%,T-3,T-3|13-15%|NEUTRAL,NOT FOUND,False
2025-06-10,2,<13%,T-2,T-2|<13%|NEUTRAL,NOT FOUND,2.0,<13%,T-2,T-2|<13%|NEUTRAL,NOT FOUND,False
2025-06-11,1,13-15%,T-1,T-1|13-15%|NEUTRAL,NOT FOUND,6.0,13-15%,T-4,T-4|13-15%|NEUTRAL,NOT FOUND,False
2025-06-12,1,<13%,T-1,T-1|<13%|NEUTRAL,NOT FOUND,5.0,15-18%,T-4,T-4|15-18%|NEUTRAL,NOT FOUND,False
2025-06-13,4,15-18%,T-4,T-4|15-18%|NEUTRAL,NOT FOUND,4.0,15-18%,T-4,T-4|15-18%|NEUTRAL,NOT FOUND,False
2025-06-16,3,13-15%,T-3,T-3|13-15%|NEUTRAL,NOT FOUND,3.0,13-15%,T-3,T-3|13-15%|NEUTRAL,NOT FOUND,False
2025-06-17,2,13-15%,T-2,T-2|13-15%|NEUTRAL,NOT FOUND,2.0,13-15%,T-2,T-2|13-15%|NEUTRAL,NOT FOUND,False
2025-06-18,1,15-18%,T-1,T-1|15-18%|NEUTRAL,NOT FOUND,6.0,15-18%,T-4,T-4|15-18%|NEUTRAL,NOT FOUND,False
2025-06-19,1,<13%,T-1,T-1|<13%|NEUTRAL,NOT FOUND,5.0,15-18%,T-4,T-4|15-18%|NEUTRAL,NOT FOUND,False
2025-06-20,4,13-15%,T-4,T-4|13-15%|NEUTRAL,NOT FOUND,4.0,13-15%,T-4,T-4|13-15%|NEUTRAL,NOT FOUND,False
2025-06-23,3,13-15%,T-3,T-3|13-15%|NEUTRAL,NOT FOUND,3.0,13-15%,T-3,T-3|13-15%|NEUTRAL,NOT FOUND,False
2025-06-24,2,13-15%,T-2,T-2|13-15%|NEUTRAL,NOT FOUND,2.0,13-15%,T-2,T-2|13-15%|NEUTRAL,NOT FOUND,False
2025-06-25,1,<13%,T-1,T-1|<13%|NEUTRAL,NOT FOUND,6.0,13-15%,T-4,T-4|13-15%|NEUTRAL,NOT FOUND,False
2025-06-26,1,<13%,T-1,T-1|<13%|NEUTRAL,NOT FOUND,5.0,13-15%,T-4,T-4|13-15%|NEUTRAL,NOT FOUND,False
2025-06-27,4,<13%,T-4,T-4|<13%|NEUTRAL,NOT FOUND,4.0,<13%,T-4,T-4|<13%|NEUTRAL,NOT FOUND,False
2025-06-30,3,13-15%,T-3,T-3|13-15%|NEUTRAL,NOT FOUND,3.0,13-15%,T-3,T-3|13-15%|NEUTRAL,NOT FOUND,False
2025-07-01,2,<13%,T-2,T-2|<13%|NEUTRAL,NOT FOUND,2.0,<13%,T-2,T-2|<13%|NEUTRAL,NOT FOUND,False
2025-07-02,1,<13%,T-1,T-1|<13%|NEUTRAL,NOT FOUND,6.0,13-15%,T-4,T-4|13-15%|NEUTRAL,NOT FOUND,False
2025-07-03,1,<13%,T-1,T-1|<13%|NEUTRAL,NOT FOUND,5.0,13-15%,T-4,T-4|13-15%|NEUTRAL,NOT FOUND,False
2025-07-04,4,<13%,T-4,T-4|<13%|NEUTRAL,NOT FOUND,4.0,<13%,T-4,T-4|<13%|NEUTRAL,NOT FOUND,False
2025-07-07,3,<13%,T-3,T-3|<13%|NEUTRAL,NOT FOUND,3.0,<13%,T-3,T-3|<13%|NEUTRAL,NOT FOUND,False
2025-07-08,2,<13%,T-2,T-2|<13%|NEUTRAL,NOT FOUND,2.0,<13%,T-2,T-2|<13%|NEUTRAL,NOT FOUND,False
2025-07-09,1,<13%,T-1,T-1|<13%|NEUTRAL,NOT FOUND,6.0,<13%,T-4,T-4|<13%|NEUTRAL,NOT FOUND,False
2025-07-10,1,<13%,T-1,T-1|<13%|NEUTRAL,NOT FOUND,5.0,<13%,T-4,T-4|<13%|NEUTRAL,NOT FOUND,False
2025-07-11,4,<13%,T-4,T-4|<13%|NEUTRAL,NOT FOUND,4.0,<13%,T-4,T-4|<13%|NEUTRAL,NOT FOUND,False
2025-07-14,3,<13%,T-3,T-3|<13%|NEUTRAL,NOT FOUND,3.0,<13%,T-3,T-3|<13%|NEUTRAL,NOT FOUND,False
2025-07-15,2,<13%,T-2,T-2|<13%|NEUTRAL,NOT FOUND,2.0,<13%,T-2,T-2|<13%|NEUTRAL,NOT FOUND,False
2025-07-16,1,<13%,T-1,T-1|<13%|NEUTRAL,NOT FOUND,6.0,<13%,T-4,T-4|<13%|NEUTRAL,NOT FOUND,False
2025-07-17,1,<13%,T-1,T-1|<13%|NEUTRAL,NOT FOUND,5.0,<13%,T-4,T-4|<13%|NEUTRAL,NOT FOUND,False
2025-07-18,4,<13%,T-4,T-4|<13%|NEUTRAL,NOT FOUND,4.0,<13%,T-4,T-4|<13%|NEUTRAL,NOT FOUND,False
2025-07-21,3,<13%,T-3,T-3|<13%|NEUTRAL,NOT FOUND,3.0,<13%,T-3,T-3|<13%|NEUTRAL,NOT FOUND,False
2025-07-22,2,<13%,T-2,T-2|<13%|NEUTRAL,NOT FOUND,2.0,<13%,T-2,T-2|<13%|NEUTRAL,NOT FOUND,False
2025-07-23,1,<13%,T-1,T-1|<13%|NEUTRAL,NOT FOUND,6.0,<13%,T-4,T-4|<13%|NEUTRAL,NOT FOUND,False
2025-07-24,1,<13%,T-1,T-1|<13%|NEUTRAL,NOT FOUND,5.0,<13%,T-4,T-4|<13%|NEUTRAL,NOT FOUND,False
2025-07-25,4,<13%,T-4,T-4|<13%|NEUTRAL,NOT FOUND,4.0,<13%,T-4,T-4|<13%|NEUTRAL,NOT FOUND,False
2025-07-28,3,<13%,T-3,T-3|<13%|NEUTRAL,NOT FOUND,3.0,<13%,T-3,T-3|<13%|NEUTRAL,NOT FOUND,False
2025-07-29,2,<13%,T-2,T-2|<13%|NEUTRAL,NOT FOUND,2.0,<13%,T-2,T-2|<13%|NEUTRAL,NOT FOUND,False
2025-07-30,1,<13%,T-1,T-1|<13%|NEUTRAL,NOT FOUND,6.0,<13%,T-4,T-4|<13%|NEUTRAL,NOT FOUND,False
2025-07-31,1,<13%,T-1,T-1|<13%|NEUTRAL,NOT FOUND,5.0,13-15%,T-4,T-4|13-15%|NEUTRAL,NOT FOUND,False
2025-08-01,4,13-15%,T-4,T-4|13-15%|NEUTRAL,NOT FOUND,4.0,13-15%,T-4,T-4|13-15%|NEUTRAL,NOT FOUND,False
2025-08-04,3,<13%,T-3,T-3|<13%|NEUTRAL,NOT FOUND,3.0,<13%,T-3,T-3|<13%|NEUTRAL,NOT FOUND,False
2025-08-05,2,<13%,T-2,T-2|<13%|NEUTRAL,NOT FOUND,2.0,<13%,T-2,T-2|<13%|NEUTRAL,NOT FOUND,False
2025-08-06,1,13-15%,T-1,T-1|13-15%|NEUTRAL,NOT FOUND,6.0,<13%,T-4,T-4|<13%|NEUTRAL,NOT FOUND,False
2025-08-07,1,<13%,T-1,T-1|<13%|NEUTRAL,NOT FOUND,5.0,<13%,T-4,T-4|<13%|NEUTRAL,NOT FOUND,False
2025-08-08,4,<13%,T-4,T-4|<13%|NEUTRAL,NOT FOUND,4.0,<13%,T-4,T-4|<13%|NEUTRAL,NOT FOUND,False
2025-08-11,3,<13%,T-3,T-3|<13%|NEUTRAL,NOT FOUND,3.0,<13%,T-3,T-3|<13%|NEUTRAL,NOT FOUND,False
2025-08-12,2,<13%,T-2,T-2|<13%|NEUTRAL,NOT FOUND,2.0,<13%,T-2,T-2|<13%|NEUTRAL,NOT FOUND,False
2025-08-13,1,<13%,T-1,T-1|<13%|NEUTRAL,NOT FOUND,6.0,<13%,T-4,T-4|<13%|NEUTRAL,NOT FOUND,False
2025-08-14,1,<13%,T-1,T-1|<13%|NEUTRAL,NOT FOUND,5.0,<13%,T-4,T-4|<13%|NEUTRAL,NOT FOUND,False
2025-08-18,3,<13%,T-3,T-3|<13%|NEUTRAL,NOT FOUND,3.0,<13%,T-3,T-3|<13%|NEUTRAL,NOT FOUND,False
2025-08-19,2,<13%,T-2,T-2|<13%|NEUTRAL,NOT FOUND,2.0,<13%,T-2,T-2|<13%|NEUTRAL,NOT FOUND,False
2025-08-20,1,<13%,T-1,T-1|<13%|NEUTRAL,NOT FOUND,6.0,<13%,T-4,T-4|<13%|NEUTRAL,NOT FOUND,False
2025-08-21,1,<13%,T-1,T-1|<13%|NEUTRAL,NOT FOUND,5.0,<13%,T-4,T-4|<13%|NEUTRAL,NOT FOUND,False
2025-08-22,4,<13%,T-4,T-4|<13%|NEUTRAL,NOT FOUND,4.0,<13%,T-4,T-4|<13%|NEUTRAL,NOT FOUND,False
2025-08-25,3,<13%,T-3,T-3|<13%|NEUTRAL,NOT FOUND,3.0,<13%,T-3,T-3|<13%|NEUTRAL,NOT FOUND,False
2025-08-26,2,<13%,T-2,T-2|<13%|NEUTRAL,NOT FOUND,2.0,<13%,T-2,T-2|<13%|NEUTRAL,NOT FOUND,False
2025-08-28,1,<13%,T-1,T-1|<13%|NEUTRAL,NOT FOUND,3.0,<13%,T-3,T-3|<13%|NEUTRAL,NOT FOUND,False
2025-08-29,2,<13%,T-2,T-2|<13%|NEUTRAL,NOT FOUND,2.0,<13%,T-2,T-2|<13%|NEUTRAL,NOT FOUND,False
2025-09-01,1,<13%,T-1,T-1|<13%|NEUTRAL,NOT FOUND,6.0,<13%,T-4,T-4|<13%|NEUTRAL,NOT FOUND,False
2025-09-02,1,<13%,T-1,T-1|<13%|NEUTRAL,NOT FOUND,5.0,<13%,T-4,T-4|<13%|NEUTRAL,NOT FOUND,False
2025-09-03,4,<13%,T-4,T-4|<13%|NEUTRAL,NOT FOUND,4.0,<13%,T-4,T-4|<13%|NEUTRAL,NOT FOUND,False
2025-09-04,3,<13%,T-3,T-3|<13%|NEUTRAL,NOT FOUND,3.0,<13%,T-3,T-3|<13%|NEUTRAL,NOT FOUND,False
2025-09-05,2,<13%,T-2,T-2|<13%|NEUTRAL,NOT FOUND,2.0,<13%,T-2,T-2|<13%|NEUTRAL,NOT FOUND,False
2025-09-08,1,<13%,T-1,T-1|<13%|NEUTRAL,NOT FOUND,6.0,<13%,T-4,T-4|<13%|NEUTRAL,NOT FOUND,False
2025-09-09,1,<13%,T-1,T-1|<13%|NEUTRAL,NOT FOUND,5.0,<13%,T-4,T-4|<13%|NEUTRAL,NOT FOUND,False
2025-09-10,4,<13%,T-4,T-4|<13%|NEUTRAL,NOT FOUND,4.0,<13%,T-4,T-4|<13%|NEUTRAL,NOT FOUND,False
2025-09-11,3,<13%,T-3,T-3|<13%|NEUTRAL,NOT FOUND,3.0,<13%,T-3,T-3|<13%|NEUTRAL,NOT FOUND,False
2025-09-12,2,<13%,T-2,T-2|<13%|NEUTRAL,NOT FOUND,2.0,<13%,T-2,T-2|<13%|NEUTRAL,NOT FOUND,False
2025-09-15,1,<13%,T-1,T-1|<13%|NEUTRAL,NOT FOUND,6.0,<13%,T-4,T-4|<13%|NEUTRAL,NOT FOUND,False
2025-09-16,1,<13%,T-1,T-1|<13%|NEUTRAL,NOT FOUND,5.0,<13%,T-4,T-4|<13%|NEUTRAL,NOT FOUND,False
2025-09-17,4,<13%,T-4,T-4|<13%|NEUTRAL,NOT FOUND,4.0,<13%,T-4,T-4|<13%|NEUTRAL,NOT FOUND,False
2025-09-18,3,<13%,T-3,T-3|<13%|NEUTRAL,NOT FOUND,3.0,<13%,T-3,T-3|<13%|NEUTRAL,NOT FOUND,False
2025-09-19,2,<13%,T-2,T-2|<13%|NEUTRAL,NOT FOUND,2.0,<13%,T-2,T-2|<13%|NEUTRAL,NOT FOUND,False
2025-09-22,1,<13%,T-1,T-1|<13%|NEUTRAL,NOT FOUND,6.0,<13%,T-4,T-4|<13%|NEUTRAL,NOT FOUND,False
2025-09-23,1,<13%,T-1,T-1|<13%|NEUTRAL,NOT FOUND,5.0,<13%,T-4,T-4|<13%|NEUTRAL,NOT FOUND,False
2025-09-24,4,<13%,T-4,T-4|<13%|NEUTRAL,NOT FOUND,4.0,<13%,T-4,T-4|<13%|NEUTRAL,NOT FOUND,False
2025-09-25,3,<13%,T-3,T-3|<13%|NEUTRAL,NOT FOUND,3.0,<13%,T-3,T-3|<13%|NEUTRAL,NOT FOUND,False
2025-09-26,2,<13%,T-2,T-2|<13%|NEUTRAL,NOT FOUND,2.0,<13%,T-2,T-2|<13%|NEUTRAL,NOT FOUND,False
2025-09-29,1,<13%,T-1,T-1|<13%|NEUTRAL,NOT FOUND,6.0,<13%,T-4,T-4|<13%|NEUTRAL,NOT FOUND,False
2025-09-30,1,<13%,T-1,T-1|<13%|NEUTRAL,NOT FOUND,5.0,<13%,T-4,T-4|<13%|NEUTRAL,NOT FOUND,False
2025-10-01,4,<13%,T-4,T-4|<13%|NEUTRAL,NOT FOUND,4.0,<13%,T-4,T-4|<13%|NEUTRAL,NOT FOUND,False
2025-10-03,2,<13%,T-2,T-2|<13%|NEUTRAL,NOT FOUND,2.0,<13%,T-2,T-2|<13%|NEUTRAL,NOT FOUND,False
2025-10-06,1,<13%,T-1,T-1|<13%|NEUTRAL,NOT FOUND,6.0,<13%,T-4,T-4|<13%|NEUTRAL,NOT FOUND,False
2025-10-07,1,<13%,T-1,T-1|<13%|NEUTRAL,NOT FOUND,5.0,<13%,T-4,T-4|<13%|NEUTRAL,NOT FOUND,False
2025-10-08,4,<13%,T-4,T-4|<13%|NEUTRAL,NOT FOUND,4.0,<13%,T-4,T-4|<13%|NEUTRAL,NOT FOUND,False
2025-10-09,3,<13%,T-3,T-3|<13%|NEUTRAL,NOT FOUND,3.0,<13%,T-3,T-3|<13%|NEUTRAL,NOT FOUND,False
2025-10-10,2,<13%,T-2,T-2|<13%|NEUTRAL,NOT FOUND,2.0,<13%,T-2,T-2|<13%|NEUTRAL,NOT FOUND,False
2025-10-13,1,<13%,T-1,T-1|<13%|NEUTRAL,NOT FOUND,5.0,<13%,T-4,T-4|<13%|NEUTRAL,NOT FOUND,False
2025-10-14,1,<13%,T-1,T-1|<13%|NEUTRAL,NOT FOUND,4.0,13-15%,T-4,T-4|13-15%|NEUTRAL,NOT FOUND,False
2025-10-15,3,<13%,T-3,T-3|<13%|NEUTRAL,NOT FOUND,3.0,<13%,T-3,T-3|<13%|NEUTRAL,NOT FOUND,False
2025-10-16,2,<13%,T-2,T-2|<13%|NEUTRAL,NOT FOUND,2.0,<13%,T-2,T-2|<13%|NEUTRAL,NOT FOUND,False
2025-10-20,1,<13%,T-1,T-1|<13%|NEUTRAL,NOT FOUND,6.0,<13%,T-4,T-4|<13%|NEUTRAL,NOT FOUND,False
2025-10-23,3,13-15%,T-3,T-3|13-15%|NEUTRAL,NOT FOUND,3.0,13-15%,T-3,T-3|13-15%|NEUTRAL,NOT FOUND,False
2025-10-24,2,<13%,T-2,T-2|<13%|NEUTRAL,NOT FOUND,2.0,<13%,T-2,T-2|<13%|NEUTRAL,NOT FOUND,False
2025-10-27,1,13-15%,T-1,T-1|13-15%|NEUTRAL,NOT FOUND,6.0,13-15%,T-4,T-4|13-15%|NEUTRAL,NOT FOUND,False
2025-10-28,1,<13%,T-1,T-1|<13%|NEUTRAL,NOT FOUND,5.0,13-15%,T-4,T-4|13-15%|NEUTRAL,NOT FOUND,False
2025-10-29,4,13-15%,T-4,T-4|13-15%|NEUTRAL,NOT FOUND,4.0,13-15%,T-4,T-4|13-15%|NEUTRAL,NOT FOUND,False
2025-10-30,3,<13%,T-3,T-3|<13%|NEUTRAL,NOT FOUND,3.0,<13%,T-3,T-3|<13%|NEUTRAL,NOT FOUND,False
2025-10-31,2,13-15%,T-2,T-2|13-15%|NEUTRAL,NOT FOUND,2.0,13-15%,T-2,T-2|13-15%|NEUTRAL,NOT FOUND,False
2025-11-03,1,<13%,T-1,T-1|<13%|NEUTRAL,NOT FOUND,6.0,<13%,T-4,T-4|<13%|NEUTRAL,NOT FOUND,False
2025-11-04,1,<13%,T-1,T-1|<13%|NEUTRAL,NOT FOUND,5.0,<13%,T-4,T-4|<13%|NEUTRAL,NOT FOUND,False
2025-11-06,3,<13%,T-3,T-3|<13%|NEUTRAL,NOT FOUND,3.0,<13%,T-3,T-3|<13%|NEUTRAL,NOT FOUND,False
2025-11-07,2,<13%,T-2,T-2|<13%|NEUTRAL,NOT FOUND,2.0,<13%,T-2,T-2|<13%|NEUTRAL,NOT FOUND,False
2025-11-10,1,<13%,T-1,T-1|<13%|NEUTRAL,NOT FOUND,6.0,<13%,T-4,T-4|<13%|NEUTRAL,NOT FOUND,False
2025-11-11,1,<13%,T-1,T-1|<13%|NEUTRAL,NOT FOUND,5.0,13-15%,T-4,T-4|13-15%|NEUTRAL,NOT FOUND,False
2025-11-12,4,<13%,T-4,T-4|<13%|NEUTRAL,NOT FOUND,4.0,<13%,T-4,T-4|<13%|NEUTRAL,NOT FOUND,False
2025-11-13,3,13-15%,T-3,T-3|13-15%|NEUTRAL,NOT FOUND,3.0,13-15%,T-3,T-3|13-15%|NEUTRAL,NOT FOUND,False
2025-11-14,2,13-15%,T-2,T-2|13-15%|NEUTRAL,NOT FOUND,2.0,13-15%,T-2,T-2|13-15%|NEUTRAL,NOT FOUND,False
2025-11-17,1,<13%,T-1,T-1|<13%|NEUTRAL,NOT FOUND,6.0,<13%,T-4,T-4|<13%|NEUTRAL,NOT FOUND,False
2025-11-18,1,<13%,T-1,T-1|<13%|NEUTRAL,NOT FOUND,5.0,13-15%,T-4,T-4|13-15%|NEUTRAL,NOT FOUND,False
2025-11-19,4,13-15%,T-4,T-4|13-15%|NEUTRAL,NOT FOUND,4.0,13-15%,T-4,T-4|13-15%|NEUTRAL,NOT FOUND,False
2025-11-20,3,<13%,T-3,T-3|<13%|NEUTRAL,NOT FOUND,3.0,<13%,T-3,T-3|<13%|NEUTRAL,NOT FOUND,False
2025-11-21,2,13-15%,T-2,T-2|13-15%|NEUTRAL,NOT FOUND,2.0,13-15%,T-2,T-2|13-15%|NEUTRAL,NOT FOUND,False
2025-11-24,1,<13%,T-1,T-1|<13%|NEUTRAL,NOT FOUND,6.0,13-15%,T-4,T-4|13-15%|NEUTRAL,NOT FOUND,False
2025-11-25,1,<13%,T-1,T-1|<13%|NEUTRAL,NOT FOUND,5.0,<13%,T-4,T-4|<13%|NEUTRAL,NOT FOUND,False
2025-11-26,4,<13%,T-4,T-4|<13%|NEUTRAL,NOT FOUND,4.0,<13%,T-4,T-4|<13%|NEUTRAL,NOT FOUND,False
2025-11-27,3,<13%,T-3,T-3|<13%|NEUTRAL,NOT FOUND,3.0,<13%,T-3,T-3|<13%|NEUTRAL,NOT FOUND,False
2025-11-28,2,<13%,T-2,T-2|<13%|NEUTRAL,NOT FOUND,2.0,<13%,T-2,T-2|<13%|NEUTRAL,NOT FOUND,False
2025-12-01,1,<13%,T-1,T-1|<13%|NEUTRAL,NOT FOUND,6.0,<13%,T-4,T-4|<13%|NEUTRAL,NOT FOUND,False
2025-12-02,1,<13%,T-1,T-1|<13%|NEUTRAL,NOT FOUND,5.0,<13%,T-4,T-4|<13%|NEUTRAL,NOT FOUND,False
2025-12-03,4,<13%,T-4,T-4|<13%|NEUTRAL,NOT FOUND,4.0,<13%,T-4,T-4|<13%|NEUTRAL,NOT FOUND,False
2025-12-04,3,<13%,T-3,T-3|<13%|NEUTRAL,NOT FOUND,3.0,<13%,T-3,T-3|<13%|NEUTRAL,NOT FOUND,False
2025-12-05,2,<13%,T-2,T-2|<13%|NEUTRAL,NOT FOUND,2.0,<13%,T-2,T-2|<13%|NEUTRAL,NOT FOUND,False
2025-12-08,1,<13%,T-1,T-1|<13%|NEUTRAL,NOT FOUND,6.0,<13%,T-4,T-4|<13%|NEUTRAL,NOT FOUND,False
2025-12-09,1,<13%,T-1,T-1|<13%|NEUTRAL,NOT FOUND,5.0,<13%,T-4,T-4|<13%|NEUTRAL,NOT FOUND,False
2025-12-10,4,<13%,T-4,T-4|<13%|NEUTRAL,NOT FOUND,4.0,<13%,T-4,T-4|<13%|NEUTRAL,NOT FOUND,False
2025-12-11,3,<13%,T-3,T-3|<13%|NEUTRAL,NOT FOUND,3.0,<13%,T-3,T-3|<13%|NEUTRAL,NOT FOUND,False
2025-12-12,2,<13%,T-2,T-2|<13%|NEUTRAL,NOT FOUND,2.0,<13%,T-2,T-2|<13%|NEUTRAL,NOT FOUND,False
2025-12-15,1,<13%,T-1,T-1|<13%|NEUTRAL,NOT FOUND,6.0,<13%,T-4,T-4|<13%|NEUTRAL,NOT FOUND,False
2025-12-16,1,<13%,T-1,T-1|<13%|NEUTRAL,NOT FOUND,5.0,<13%,T-4,T-4|<13%|NEUTRAL,NOT FOUND,False
2025-12-17,4,<13%,T-4,T-4|<13%|NEUTRAL,NOT FOUND,4.0,<13%,T-4,T-4|<13%|NEUTRAL,NOT FOUND,False
2025-12-18,3,<13%,T-3,T-3|<13%|NEUTRAL,NOT FOUND,3.0,<13%,T-3,T-3|<13%|NEUTRAL,NOT FOUND,False
2025-12-19,2,<13%,T-2,T-2|<13%|NEUTRAL,NOT FOUND,2.0,<13%,T-2,T-2|<13%|NEUTRAL,NOT FOUND,False
2025-12-22,1,<13%,T-1,T-1|<13%|NEUTRAL,NOT FOUND,6.0,<13%,T-4,T-4|<13%|NEUTRAL,NOT FOUND,False
2025-12-23,1,<13%,T-1,T-1|<13%|NEUTRAL,NOT FOUND,5.0,<13%,T-4,T-4|<13%|NEUTRAL,NOT FOUND,False
2025-12-24,4,<13%,T-4,T-4|<13%|NEUTRAL,NOT FOUND,4.0,<13%,T-4,T-4|<13%|NEUTRAL,NOT FOUND,False
2025-12-26,2,<13%,T-2,T-2|<13%|NEUTRAL,NOT FOUND,2.0,<13%,T-2,T-2|<13%|NEUTRAL,NOT FOUND,False
2025-12-29,1,<13%,T-1,T-1|<13%|NEUTRAL,NOT FOUND,6.0,<13%,T-4,T-4|<13%|NEUTRAL,NOT FOUND,False
2025-12-30,1,<13%,T-1,T-1|<13%|NEUTRAL,NOT FOUND,5.0,<13%,T-4,T-4|<13%|NEUTRAL,NOT FOUND,False
2025-12-31,4,<13%,T-4,T-4|<13%|NEUTRAL,NOT FOUND,4.0,<13%,T-4,T-4|<13%|NEUTRAL,NOT FOUND,False
2026-01-01,3,<13%,T-3,T-3|<13%|NEUTRAL,NOT FOUND,3.0,<13%,T-3,T-3|<13%|NEUTRAL,NOT FOUND,False
2026-01-02,2,<13%,T-2,T-2|<13%|NEUTRAL,NOT FOUND,2.0,<13%,T-2,T-2|<13%|NEUTRAL,NOT FOUND,False
2026-01-05,1,<13%,T-1,T-1|<13%|NEUTRAL,NOT FOUND,6.0,<13%,T-4,T-4|<13%|NEUTRAL,NOT FOUND,False
2026-01-06,1,<13%,T-1,T-1|<13%|NEUTRAL,NOT FOUND,5.0,<13%,T-4,T-4|<13%|NEUTRAL,NOT FOUND,False
2026-01-07,4,<13%,T-4,T-4|<13%|NEUTRAL,NOT FOUND,4.0,<13%,T-4,T-4|<13%|NEUTRAL,NOT FOUND,False
2026-01-08,3,<13%,T-3,T-3|<13%|NEUTRAL,NOT FOUND,3.0,<13%,T-3,T-3|<13%|NEUTRAL,NOT FOUND,False
2026-01-09,2,<13%,T-2,T-2|<13%|NEUTRAL,NOT FOUND,2.0,<13%,T-2,T-2|<13%|NEUTRAL,NOT FOUND,False
2026-01-12,1,<13%,T-1,T-1|<13%|NEUTRAL,NOT FOUND,6.0,<13%,T-4,T-4|<13%|NEUTRAL,NOT FOUND,False
2026-01-13,1,<13%,T-1,T-1|<13%|NEUTRAL,NOT FOUND,5.0,<13%,T-4,T-4|<13%|NEUTRAL,NOT FOUND,False
2026-01-14,4,<13%,T-4,T-4|<13%|NEUTRAL,NOT FOUND,4.0,<13%,T-4,T-4|<13%|NEUTRAL,NOT FOUND,False
2026-01-16,2,13-15%,T-2,T-2|13-15%|NEUTRAL,NOT FOUND,2.0,13-15%,T-2,T-2|13-15%|NEUTRAL,NOT FOUND,False
2026-01-19,1,<13%,T-1,T-1|<13%|NEUTRAL,NOT FOUND,5.0,<13%,T-4,T-4|<13%|NEUTRAL,NOT FOUND,False
2026-01-20,1,<13%,T-1,T-1|<13%|NEUTRAL,NOT FOUND,4.0,15-18%,T-4,T-4|15-18%|NEUTRAL,NOT FOUND,False
2026-01-21,3,15-18%,T-3,T-3|15-18%|NEUTRAL,NOT FOUND,3.0,15-18%,T-3,T-3|15-18%|NEUTRAL,NOT FOUND,False
2026-01-22,2,15-18%,T-2,T-2|15-18%|NEUTRAL,NOT FOUND,2.0,15-18%,T-2,T-2|15-18%|NEUTRAL,NOT FOUND,False
2026-01-27,1,<13%,T-1,T-1|<13%|NEUTRAL,NOT FOUND,5.0,18-22%,T-4,T-4|18-22%|NEUTRAL,NOT FOUND,False
2026-01-28,4,18-22%,T-4,T-4|18-22%|NEUTRAL,NOT FOUND,4.0,18-22%,T-4,T-4|18-22%|NEUTRAL,NOT FOUND,False
2026-01-29,3,18-22%,T-3,T-3|18-22%|NEUTRAL,NOT FOUND,3.0,18-22%,T-3,T-3|18-22%|NEUTRAL,NOT FOUND,False
2026-01-30,2,>22%,T-2,T-2|>22%|NEUTRAL,NOT FOUND,2.0,>22%,T-2,T-2|>22%|NEUTRAL,NOT FOUND,False
2026-02-01,2,>22%,T-2,T-2|>22%|NEUTRAL,NOT FOUND,2.0,>22%,T-2,T-2|>22%|NEUTRAL,NOT FOUND,False
2026-02-02,1,15-18%,T-1,T-1|15-18%|NEUTRAL,NOT FOUND,6.0,15-18%,T-4,T-4|15-18%|NEUTRAL,NOT FOUND,False
2026-02-03,1,<13%,T-1,T-1|<13%|NEUTRAL,NOT FOUND,5.0,15-18%,T-4,T-4|15-18%|NEUTRAL,NOT FOUND,False
2026-02-04,4,15-18%,T-4,T-4|15-18%|NEUTRAL,NOT FOUND,4.0,15-18%,T-4,T-4|15-18%|NEUTRAL,NOT FOUND,False
2026-02-05,3,13-15%,T-3,T-3|13-15%|NEUTRAL,NOT FOUND,3.0,13-15%,T-3,T-3|13-15%|NEUTRAL,NOT FOUND,False
2026-02-06,2,13-15%,T-2,T-2|13-15%|NEUTRAL,NOT FOUND,2.0,13-15%,T-2,T-2|13-15%|NEUTRAL,NOT FOUND,False
2026-02-09,1,<13%,T-1,T-1|<13%|NEUTRAL,NOT FOUND,6.0,<13%,T-4,T-4|<13%|NEUTRAL,NOT FOUND,False
2026-02-10,1,<13%,T-1,T-1|<13%|NEUTRAL,NOT FOUND,5.0,<13%,T-4,T-4|<13%|NEUTRAL,NOT FOUND,False
2026-02-11,4,<13%,T-4,T-4|<13%|NEUTRAL,NOT FOUND,4.0,<13%,T-4,T-4|<13%|NEUTRAL,NOT FOUND,False
2026-02-12,3,<13%,T-3,T-3|<13%|NEUTRAL,NOT FOUND,3.0,<13%,T-3,T-3|<13%|NEUTRAL,NOT FOUND,False
2026-02-13,2,15-18%,T-2,T-2|15-18%|NEUTRAL,NOT FOUND,2.0,15-18%,T-2,T-2|15-18%|NEUTRAL,NOT FOUND,False
2026-02-16,1,13-15%,T-1,T-1|13-15%|NEUTRAL,NOT FOUND,6.0,13-15%,T-4,T-4|13-15%|NEUTRAL,NOT FOUND,False
2026-02-17,1,<13%,T-1,T-1|<13%|NEUTRAL,NOT FOUND,5.0,<13%,T-4,T-4|<13%|NEUTRAL,NOT FOUND,False
2026-02-18,4,<13%,T-4,T-4|<13%|NEUTRAL,NOT FOUND,4.0,<13%,T-4,T-4|<13%|NEUTRAL,NOT FOUND,False
2026-02-19,3,15-18%,T-3,T-3|15-18%|NEUTRAL,NOT FOUND,3.0,15-18%,T-3,T-3|15-18%|NEUTRAL,NOT FOUND,False
2026-02-20,2,15-18%,T-2,T-2|15-18%|NEUTRAL,NOT FOUND,2.0,15-18%,T-2,T-2|15-18%|NEUTRAL,NOT FOUND,False
2026-02-23,1,15-18%,T-1,T-1|15-18%|NEUTRAL,NOT FOUND,5.0,15-18%,T-4,T-4|15-18%|NEUTRAL,NOT FOUND,False
2026-02-24,1,<13%,T-1,T-1|<13%|NEUTRAL,NOT FOUND,4.0,15-18%,T-4,T-4|15-18%|NEUTRAL,NOT FOUND,False
2026-02-25,3,15-18%,T-3,T-3|15-18%|NEUTRAL,NOT FOUND,3.0,15-18%,T-3,T-3|15-18%|NEUTRAL,NOT FOUND,False
2026-02-26,2,15-18%,T-2,T-2|15-18%|NEUTRAL,NOT FOUND,2.0,15-18%,T-2,T-2|15-18%|NEUTRAL,NOT FOUND,False
2026-03-02,1,<13%,T-1,T-1|<13%|NEUTRAL,NOT FOUND,6.0,18-22%,T-4,T-4|18-22%|NEUTRAL,NOT FOUND,False
2026-03-04,4,>22%,T-4,T-4|>22%|NEUTRAL,NOT FOUND,4.0,>22%,T-4,T-4|>22%|NEUTRAL,NOT FOUND,False
2026-03-05,3,>22%,T-3,T-3|>22%|NEUTRAL,NOT FOUND,3.0,>22%,T-3,T-3|>22%|NEUTRAL,NOT FOUND,False
2026-03-06,2,>22%,T-2,T-2|>22%|NEUTRAL,NOT FOUND,2.0,>22%,T-2,T-2|>22%|NEUTRAL,NOT FOUND,False
2026-03-09,1,>22%,T-1,T-1|>22%|NEUTRAL,NOT FOUND,6.0,>22%,T-4,T-4|>22%|NEUTRAL,NOT FOUND,False
2026-03-10,1,<13%,T-1,T-1|<13%|NEUTRAL,NOT FOUND,5.0,>22%,T-4,T-4|>22%|NEUTRAL,NOT FOUND,False
2026-03-11,4,>22%,T-4,T-4|>22%|NEUTRAL,NOT FOUND,4.0,>22%,T-4,T-4|>22%|NEUTRAL,NOT FOUND,False
2026-03-12,3,>22%,T-3,T-3|>22%|NEUTRAL,NOT FOUND,3.0,>22%,T-3,T-3|>22%|NEUTRAL,NOT FOUND,False
2026-03-13,2,>22%,T-2,T-2|>22%|NEUTRAL,NOT FOUND,2.0,>22%,T-2,T-2|>22%|NEUTRAL,NOT FOUND,False
2026-03-16,1,>22%,T-1,T-1|>22%|NEUTRAL,NOT FOUND,6.0,>22%,T-4,T-4|>22%|NEUTRAL,NOT FOUND,False
2026-03-17,1,<13%,T-1,T-1|<13%|NEUTRAL,NOT FOUND,5.0,>22%,T-4,T-4|>22%|NEUTRAL,NOT FOUND,False
2026-03-18,4,18-22%,T-4,T-4|18-22%|NEUTRAL,NOT FOUND,4.0,18-22%,T-4,T-4|18-22%|NEUTRAL,NOT FOUND,False
2026-03-19,3,>22%,T-3,T-3|>22%|NEUTRAL,NOT FOUND,3.0,>22%,T-3,T-3|>22%|NEUTRAL,NOT FOUND,False
2026-03-20,2,>22%,T-2,T-2|>22%|NEUTRAL,NOT FOUND,2.0,>22%,T-2,T-2|>22%|NEUTRAL,NOT FOUND,False
